"referance_time","referance_value","referance_device","device_time","device_value","device"
"2026-02-08 11:07:03","27.31","24sea0521","2026-02-08 11:07:04","1930","24sea0522"
"2026-02-08 11:07:08","27.31","24sea0521","2026-02-08 11:07:08","1963","24sea0522"
"2026-02-08 11:07:11","27.31","24sea0521","2026-02-08 11:07:11","1967","24sea0522"
"2026-02-08 11:07:18","27.31","24sea0521","2026-02-08 11:07:19","1990","24sea0522"
"2026-02-08 11:07:27","27.31","24sea0521","2026-02-08 11:07:27","1967","24sea0522"
"2026-02-08 11:07:49","27.31","24sea0521","2026-02-08 11:07:50","1963","24sea0522"
"2026-02-08 11:07:53","27.31","24sea0521","2026-02-08 11:07:53","1925","24sea0522"
"2026-02-08 11:07:56","27.31","24sea0521","2026-02-08 11:07:57","1970","24sea0522"
"2026-02-08 11:08:00","27.37","24sea0521","2026-02-08 11:08:00","1959","24sea0522"
"2026-02-08 11:08:10","27.31","24sea0521","2026-02-08 11:08:11","1961","24sea0522"
"2026-02-08 11:08:15","27.31","24sea0521","2026-02-08 11:08:15","1968","24sea0522"
"2026-02-08 11:08:23","27.44","24sea0521","2026-02-08 11:08:23","1954","24sea0522"
"2026-02-08 11:09:13","28.25","24sea0521","2026-02-08 11:09:13","1996","24sea0522"
"2026-02-08 11:09:18","28.5","24sea0521","2026-02-08 11:09:18","1998","24sea0522"
"2026-02-08 11:09:23","28.62","24sea0521","2026-02-08 11:09:23","2019","24sea0522"
"2026-02-08 11:09:45","29.19","24sea0521","2026-02-08 11:09:46","2034","24sea0522"
"2026-02-08 11:10:03","29.81","24sea0521","2026-02-08 11:10:03","2064","24sea0522"
"2026-02-08 11:10:29","31","24sea0521","2026-02-08 11:10:29","2118","24sea0522"
"2026-02-08 11:10:32","30.88","24sea0521","2026-02-08 11:10:33","2117","24sea0522"
"2026-02-08 11:10:36","30.88","24sea0521","2026-02-08 11:10:36","2117","24sea0522"
"2026-02-08 11:10:48","31.12","24sea0521","2026-02-08 11:10:49","2133","24sea0522"
"2026-02-08 11:11:02","31.5","24sea0521","2026-02-08 11:11:02","2146","24sea0522"
"2026-02-08 11:11:09","31.69","24sea0521","2026-02-08 11:11:09","2096","24sea0522"
"2026-02-08 11:11:12","31.81","24sea0521","2026-02-08 11:11:13","2160","24sea0522"
"2026-02-08 11:11:15","32","24sea0521","2026-02-08 11:11:16","2181","24sea0522"
"2026-02-08 11:11:19","32.19","24sea0521","2026-02-08 11:11:19","2161","24sea0522"
"2026-02-08 11:11:32","32.63","24sea0521","2026-02-08 11:11:33","2192","24sea0522"
"2026-02-08 11:11:52","33.56","24sea0521","2026-02-08 11:11:53","2219","24sea0522"
"2026-02-08 11:12:11","34.63","24sea0521","2026-02-08 11:12:12","2257","24sea0522"
"2026-02-08 11:12:16","34.69","24sea0521","2026-02-08 11:12:16","2263","24sea0522"
"2026-02-08 11:12:51","36.63","24sea0521","2026-02-08 11:12:52","2369","24sea0522"
"2026-02-08 11:12:59","37.44","24sea0521","2026-02-08 11:13:00","2371","24sea0522"
"2026-02-08 11:13:02","37.69","24sea0521","2026-02-08 11:13:03","2390","24sea0522"
"2026-02-08 11:13:06","37.94","24sea0521","2026-02-08 11:13:07","2403","24sea0522"
"2026-02-08 11:13:09","38.13","24sea0521","2026-02-08 11:13:10","2416","24sea0522"
"2026-02-08 11:13:13","38.38","24sea0521","2026-02-08 11:13:14","2419","24sea0522"
"2026-02-08 11:13:17","38.56","24sea0521","2026-02-08 11:13:17","2427","24sea0522"
"2026-02-08 11:13:21","38.88","24sea0521","2026-02-08 11:13:21","2449","24sea0522"
"2026-02-08 11:13:24","39.06","24sea0521","2026-02-08 11:13:25","2447","24sea0522"
"2026-02-08 11:14:00","41.19","24sea0521","2026-02-08 11:14:00","2509","24sea0522"
"2026-02-08 11:14:07","41.69","24sea0521","2026-02-08 11:14:07","2534","24sea0522"
"2026-02-08 11:14:18","42.19","24sea0521","2026-02-08 11:14:19","2559","24sea0522"
"2026-02-08 11:14:27","42.62","24sea0521","2026-02-08 11:14:28","2559","24sea0522"
"2026-02-08 11:14:37","43.25","24sea0521","2026-02-08 11:14:38","2590","24sea0522"
"2026-02-08 11:14:42","43.44","24sea0521","2026-02-08 11:14:43","2609","24sea0522"
"2026-02-08 11:14:45","43.69","24sea0521","2026-02-08 11:14:46","2611","24sea0522"
"2026-02-08 11:14:49","43.94","24sea0521","2026-02-08 11:14:50","2621","24sea0522"
"2026-02-08 11:14:52","44.13","24sea0521","2026-02-08 11:14:53","2621","24sea0522"
"2026-02-08 11:14:55","44.25","24sea0521","2026-02-08 11:14:56","2631","24sea0522"
"2026-02-08 11:14:59","44.38","24sea0521","2026-02-08 11:14:59","2627","24sea0522"
"2026-02-08 11:15:03","44.56","24sea0521","2026-02-08 11:15:03","2661","24sea0522"
"2026-02-08 11:15:06","44.81","24sea0521","2026-02-08 11:15:06","2650","24sea0522"
"2026-02-08 11:15:10","45","24sea0521","2026-02-08 11:15:11","2655","24sea0522"
"2026-02-08 11:15:25","45.94","24sea0521","2026-02-08 11:15:26","2675","24sea0522"
"2026-02-08 11:15:48","47.56","24sea0521","2026-02-08 11:15:49","2767","24sea0522"
"2026-02-08 11:15:54","48","24sea0521","2026-02-08 11:15:54","2741","24sea0522"
"2026-02-08 11:15:58","48.19","24sea0521","2026-02-08 11:15:58","2768","24sea0522"
"2026-02-08 11:16:01","48.44","24sea0521","2026-02-08 11:16:02","2768","24sea0522"
"2026-02-08 11:16:05","48.81","24sea0521","2026-02-08 11:16:05","2771","24sea0522"
"2026-02-08 11:16:08","48.94","24sea0521","2026-02-08 11:16:08","2800","24sea0522"
"2026-02-08 11:16:12","49.19","24sea0521","2026-02-08 11:16:13","2802","24sea0522"
"2026-02-08 11:16:36","50.69","24sea0521","2026-02-08 11:16:36","2847","24sea0522"
"2026-02-08 11:16:58","52.13","24sea0521","2026-02-08 11:16:58","2899","24sea0522"
"2026-02-08 11:17:08","52.31","24sea0521","2026-02-08 11:17:08","2880","24sea0522"
"2026-02-08 11:17:46","55.19","24sea0521","2026-02-08 11:17:47","2982","24sea0522"
"2026-02-08 11:17:53","55.56","24sea0521","2026-02-08 11:17:54","2994","24sea0522"
"2026-02-08 11:18:04","56.06","24sea0521","2026-02-08 11:18:05","3013","24sea0522"
"2026-02-08 11:18:08","56.5","24sea0521","2026-02-08 11:18:08","3015","24sea0522"
"2026-02-08 11:18:11","56.63","24sea0521","2026-02-08 11:18:12","3020","24sea0522"
"2026-02-08 11:18:20","57.25","24sea0521","2026-02-08 11:18:21","3061","24sea0522"
"2026-02-08 11:18:30","58","24sea0521","2026-02-08 11:18:31","3037","24sea0522"
"2026-02-08 11:18:38","58.25","24sea0521","2026-02-08 11:18:38","3054","24sea0522"
"2026-02-08 11:18:45","58.69","24sea0521","2026-02-08 11:18:45","3085","24sea0522"
"2026-02-08 11:18:52","58.87","24sea0521","2026-02-08 11:18:52","3091","24sea0522"
"2026-02-08 11:19:00","59.38","24sea0521","2026-02-08 11:19:01","3103","24sea0522"
"2026-02-08 11:19:04","59.94","24sea0521","2026-02-08 11:19:04","3109","24sea0522"
"2026-02-08 11:19:10","60.06","24sea0521","2026-02-08 11:19:11","3119","24sea0522"
"2026-02-08 11:19:25","61.13","24sea0521","2026-02-08 11:19:26","3148","24sea0522"
"2026-02-08 11:19:33","61.69","24sea0521","2026-02-08 11:19:34","3178","24sea0522"
"2026-02-08 11:19:36","61.88","24sea0521","2026-02-08 11:19:37","3172","24sea0522"
"2026-02-08 11:19:41","62","24sea0521","2026-02-08 11:19:42","3177","24sea0522"
"2026-02-08 11:19:49","62.69","24sea0521","2026-02-08 11:19:50","3195","24sea0522"
"2026-02-08 11:19:58","62.94","24sea0521","2026-02-08 11:19:58","3213","24sea0522"
"2026-02-08 11:20:01","63.69","24sea0521","2026-02-08 11:20:02","3218","24sea0522"
"2026-02-08 11:20:11","64.19","24sea0521","2026-02-08 11:20:11","3269","24sea0522"
"2026-02-08 11:20:57","67.12","24sea0521","2026-02-08 11:20:57","3323","24sea0522"
"2026-02-08 11:21:00","67.5","24sea0521","2026-02-08 11:21:00","3310","24sea0522"
"2026-02-08 11:21:08","67.69","24sea0521","2026-02-08 11:21:08","3335","24sea0522"
"2026-02-08 11:21:11","68.19","24sea0521","2026-02-08 11:21:12","3331","24sea0522"
"2026-02-08 11:21:15","68.5","24sea0521","2026-02-08 11:21:15","3379","24sea0522"
"2026-02-08 11:21:18","68.69","24sea0521","2026-02-08 11:21:19","3344","24sea0522"
"2026-02-08 11:21:22","68.87","24sea0521","2026-02-08 11:21:22","3342","24sea0522"
"2026-02-08 11:21:25","69","24sea0521","2026-02-08 11:21:26","3349","24sea0522"
"2026-02-08 11:21:28","69.12","24sea0521","2026-02-08 11:21:29","3362","24sea0522"
"2026-02-08 11:21:32","69.31","24sea0521","2026-02-08 11:21:33","3373","24sea0522"
"2026-02-08 11:21:36","69.44","24sea0521","2026-02-08 11:21:36","3392","24sea0522"
"2026-02-08 11:21:42","69.75","24sea0521","2026-02-08 11:21:43","3378","24sea0522"
"2026-02-08 11:21:58","71.06","24sea0521","2026-02-08 11:21:58","3430","24sea0522"
"2026-02-08 11:22:16","72.06","24sea0521","2026-02-08 11:22:17","3435","24sea0522"
"2026-02-08 11:22:20","72.37","24sea0521","2026-02-08 11:22:20","3463","24sea0522"
"2026-02-08 11:22:28","73.12","24sea0521","2026-02-08 11:22:28","3454","24sea0522"
"2026-02-08 11:23:31","76.69","24sea0521","2026-02-08 11:23:31","3540","24sea0522"
"2026-02-08 11:23:34","76.94","24sea0521","2026-02-08 11:23:34","3550","24sea0522"
"2026-02-08 11:23:37","77.12","24sea0521","2026-02-08 11:23:37","3532","24sea0522"
"2026-02-08 11:23:40","77.12","24sea0521","2026-02-08 11:23:41","3553","24sea0522"
"2026-02-08 11:23:49","77.19","24sea0521","2026-02-08 11:23:49","3565","24sea0522"
"2026-02-08 11:24:04","78.62","24sea0521","2026-02-08 11:24:05","3600","24sea0522"
"2026-02-08 11:24:12","79.44","24sea0521","2026-02-08 11:24:13","3615","24sea0522"
"2026-02-08 11:24:23","79.5","24sea0521","2026-02-08 11:24:24","3619","24sea0522"
"2026-02-08 11:24:30","79.81","24sea0521","2026-02-08 11:24:30","3635","24sea0522"
"2026-02-08 11:24:36","80.12","24sea0521","2026-02-08 11:24:36","3632","24sea0522"
"2026-02-08 11:24:40","80.12","24sea0521","2026-02-08 11:24:40","3616","24sea0522"
"2026-02-08 11:24:43","80.19","24sea0521","2026-02-08 11:24:43","3632","24sea0522"
"2026-02-08 11:25:08","81.69","24sea0521","2026-02-08 11:25:08","3664","24sea0522"
"2026-02-08 11:25:11","81.81","24sea0521","2026-02-08 11:25:11","3648","24sea0522"
"2026-02-08 11:25:39","82.88","24sea0521","2026-02-08 11:25:40","3744","24sea0522"
"2026-02-08 11:25:49","83.25","24sea0521","2026-02-08 11:25:50","3683","24sea0522"
"2026-02-08 11:25:57","83.37","24sea0521","2026-02-08 11:25:58","3699","24sea0522"
"2026-02-08 11:26:08","83.75","24sea0521","2026-02-08 11:26:09","3696","24sea0522"
"2026-02-08 11:26:35","84.44","24sea0521","2026-02-08 11:26:36","3735","24sea0522"
"2026-02-08 11:26:39","84.5","24sea0521","2026-02-08 11:26:39","3715","24sea0522"
"2026-02-08 11:27:10","85","24sea0521","2026-02-08 11:27:10","3678","24sea0522"
"2026-02-08 11:27:36","85.31","24sea0521","2026-02-08 11:27:36","3729","24sea0522"
"2026-02-08 11:27:53","85.25","24sea0521","2026-02-08 11:27:53","3728","24sea0522"
"2026-02-08 11:28:01","85.19","24sea0521","2026-02-08 11:28:01","3708","24sea0522"
"2026-02-08 11:28:18","84.69","24sea0521","2026-02-08 11:28:18","3711","24sea0522"
"2026-02-08 11:28:21","84.62","24sea0521","2026-02-08 11:28:22","3725","24sea0522"
"2026-02-08 11:28:25","84.5","24sea0521","2026-02-08 11:28:25","3709","24sea0522"
"2026-02-08 11:28:35","84","24sea0521","2026-02-08 11:28:35","3717","24sea0522"
"2026-02-08 11:28:51","83.31","24sea0521","2026-02-08 11:28:52","3696","24sea0522"
"2026-02-08 11:28:55","83.19","24sea0521","2026-02-08 11:28:56","3696","24sea0522"
"2026-02-08 11:28:58","82.62","24sea0521","2026-02-08 11:28:59","3701","24sea0522"
"2026-02-08 11:29:02","82.12","24sea0521","2026-02-08 11:29:03","3653","24sea0522"
"2026-02-08 11:29:18","81.75","24sea0521","2026-02-08 11:29:18","3677","24sea0522"
"2026-02-08 11:29:26","81.5","24sea0521","2026-02-08 11:29:27","3666","24sea0522"
"2026-02-08 11:29:59","80.38","24sea0521","2026-02-08 11:29:59","3647","24sea0522"
"2026-02-08 11:30:03","80","24sea0521","2026-02-08 11:30:03","3646","24sea0522"
"2026-02-08 11:30:06","79.44","24sea0521","2026-02-08 11:30:06","3631","24sea0522"
"2026-02-08 11:30:18","75.81","24sea0521","2026-02-08 11:30:18","3577","24sea0522"
"2026-02-08 11:30:28","71.12","24sea0521","2026-02-08 11:30:28","3408","24sea0522"
"2026-02-08 11:30:42","65.37","24sea0521","2026-02-08 11:30:42","3280","24sea0522"
"2026-02-08 11:30:49","63.75","24sea0521","2026-02-08 11:30:50","3207","24sea0522"
"2026-02-08 11:31:03","61.25","24sea0521","2026-02-08 11:31:04","3143","24sea0522"
"2026-02-08 11:31:12","60.63","24sea0521","2026-02-08 11:31:13","3121","24sea0522"
"2026-02-08 11:31:17","60.31","24sea0521","2026-02-08 11:31:17","3118","24sea0522"
"2026-02-08 11:31:21","60","24sea0521","2026-02-08 11:31:21","3070","24sea0522"
"2026-02-08 11:31:33","59.63","24sea0521","2026-02-08 11:31:33","3111","24sea0522"
"2026-02-08 11:32:21","57.06","24sea0521","2026-02-08 11:32:22","3018","24sea0522"
"2026-02-08 11:32:25","56.63","24sea0521","2026-02-08 11:32:25","3017","24sea0522"
"2026-02-08 11:32:28","56.31","24sea0521","2026-02-08 11:32:29","3008","24sea0522"
"2026-02-08 11:32:32","55.94","24sea0521","2026-02-08 11:32:32","3003","24sea0522"
"2026-02-08 11:32:39","55.38","24sea0521","2026-02-08 11:32:39","2986","24sea0522"
"2026-02-08 11:32:45","55.19","24sea0521","2026-02-08 11:32:45","2955","24sea0522"
"2026-02-08 11:32:51","54.75","24sea0521","2026-02-08 11:32:52","2971","24sea0522"
"2026-02-08 11:32:54","54.5","24sea0521","2026-02-08 11:32:55","2967","24sea0522"
"2026-02-08 11:33:09","54.31","24sea0521","2026-02-08 11:33:09","2960","24sea0522"
"2026-02-08 11:33:25","52.88","24sea0521","2026-02-08 11:33:25","2890","24sea0522"
"2026-02-08 11:33:36","51.25","24sea0521","2026-02-08 11:33:37","2855","24sea0522"
"2026-02-08 11:33:45","50.31","24sea0521","2026-02-08 11:33:45","2854","24sea0522"
"2026-02-08 11:34:13","45.88","24sea0521","2026-02-08 11:34:13","2674","24sea0522"
"2026-02-08 11:34:28","44.19","24sea0521","2026-02-08 11:34:29","2625","24sea0522"
"2026-02-08 11:34:46","42.88","24sea0521","2026-02-08 11:34:47","2602","24sea0522"
"2026-02-08 11:35:14","42.62","24sea0521","2026-02-08 11:35:14","2559","24sea0522"
"2026-02-08 11:35:32","42.19","24sea0521","2026-02-08 11:35:32","2559","24sea0522"
"2026-02-08 11:35:49","40.44","24sea0521","2026-02-08 11:35:50","2501","24sea0522"
"2026-02-08 11:35:52","40.12","24sea0521","2026-02-08 11:35:53","2473","24sea0522"
"2026-02-08 11:36:20","37.63","24sea0521","2026-02-08 11:36:21","2387","24sea0522"
"2026-02-08 11:36:26","37.25","24sea0521","2026-02-08 11:36:27","2368","24sea0522"
"2026-02-08 11:36:31","36.88","24sea0521","2026-02-08 11:36:31","2368","24sea0522"
"2026-02-08 11:36:43","36.5","24sea0521","2026-02-08 11:36:43","2331","24sea0522"
"2026-02-08 11:37:02","35.81","24sea0521","2026-02-08 11:37:02","2327","24sea0522"
"2026-02-08 11:37:15","35.56","24sea0521","2026-02-08 11:37:15","2314","24sea0522"
"2026-02-08 11:37:25","35.31","24sea0521","2026-02-08 11:37:26","2309","24sea0522"
"2026-02-08 11:37:29","34.81","24sea0521","2026-02-08 11:37:29","2290","24sea0522"
"2026-02-08 11:37:32","34.69","24sea0521","2026-02-08 11:37:32","2284","24sea0522"
"2026-02-08 11:37:36","34.56","24sea0521","2026-02-08 11:37:36","2271","24sea0522"
"2026-02-08 11:37:43","34.31","24sea0521","2026-02-08 11:37:44","2237","24sea0522"
"2026-02-08 11:37:47","34.25","24sea0521","2026-02-08 11:37:48","2252","24sea0522"
"2026-02-08 11:37:50","34.25","24sea0521","2026-02-08 11:37:51","2252","24sea0522"
"2026-02-08 11:37:54","34.19","24sea0521","2026-02-08 11:37:54","2256","24sea0522"
"2026-02-08 11:37:57","34","24sea0521","2026-02-08 11:37:58","2251","24sea0522"
"2026-02-08 11:38:01","33.88","24sea0521","2026-02-08 11:38:01","2250","24sea0522"
"2026-02-08 11:38:04","33.75","24sea0521","2026-02-08 11:38:05","2247","24sea0522"
"2026-02-08 11:38:07","33.5","24sea0521","2026-02-08 11:38:08","2240","24sea0522"
"2026-02-08 11:38:31","32.19","24sea0521","2026-02-08 11:38:32","2177","24sea0522"
"2026-02-08 11:38:39","31.81","24sea0521","2026-02-08 11:38:40","2148","24sea0522"
"2026-02-08 11:39:05","30.5","24sea0521","2026-02-08 11:39:06","2070","24sea0522"
"2026-02-08 11:39:09","30.31","24sea0521","2026-02-08 11:39:10","2096","24sea0522"
"2026-02-08 11:39:12","30.12","24sea0521","2026-02-08 11:39:13","2042","24sea0522"
"2026-02-08 11:39:22","29.81","24sea0521","2026-02-08 11:39:23","2064","24sea0522"
"2026-02-08 11:39:39","29.25","24sea0521","2026-02-08 11:39:39","2045","24sea0522"
"2026-02-08 11:39:52","29.12","24sea0521","2026-02-08 11:39:53","2042","24sea0522"
"2026-02-08 11:40:15","28.44","24sea0521","2026-02-08 11:40:16","2003","24sea0522"
"2026-02-08 11:40:29","27.87","24sea0521","2026-02-08 11:40:30","1981","24sea0522"
"2026-02-08 11:40:39","27.31","24sea0521","2026-02-08 11:40:39","1956","24sea0522"
"2026-02-08 11:40:43","27.19","24sea0521","2026-02-08 11:40:43","1959","24sea0522"
"2026-02-08 11:40:46","27.06","24sea0521","2026-02-08 11:40:47","1948","24sea0522"
"2026-02-08 11:40:49","27","24sea0521","2026-02-08 11:40:50","1938","24sea0522"
"2026-02-08 11:40:53","26.94","24sea0521","2026-02-08 11:40:54","1921","24sea0522"
"2026-02-08 11:40:59","26.94","24sea0521","2026-02-08 11:40:59","1937","24sea0522"
"2026-02-08 11:41:06","26.81","24sea0521","2026-02-08 11:41:07","1931","24sea0522"
"2026-02-08 11:41:13","26.69","24sea0521","2026-02-08 11:41:14","1938","24sea0522"
"2026-02-08 11:41:20","26.62","24sea0521","2026-02-08 11:41:21","1926","24sea0522"
"2026-02-08 11:41:24","26.56","24sea0521","2026-02-08 11:41:24","1920","24sea0522"
"2026-02-08 11:41:28","26.56","24sea0521","2026-02-08 11:41:28","1936","24sea0522"
"2026-02-08 11:41:32","26.5","24sea0521","2026-02-08 11:41:32","1923","24sea0522"
"2026-02-08 11:41:36","26.37","24sea0521","2026-02-08 11:41:37","1923","24sea0522"
"2026-02-08 11:41:49","26.25","24sea0521","2026-02-08 11:41:50","1920","24sea0522"
"2026-02-08 11:41:53","26.19","24sea0521","2026-02-08 11:41:54","1915","24sea0522"
"2026-02-08 11:41:58","26.12","24sea0521","2026-02-08 11:41:58","1904","24sea0522"
"2026-02-08 11:42:02","26.06","24sea0521","2026-02-08 11:42:02","1906","24sea0522"
"2026-02-08 11:42:05","26.06","24sea0521","2026-02-08 11:42:05","1891","24sea0522"
"2026-02-08 11:42:13","26","24sea0521","2026-02-08 11:42:13","1902","24sea0522"
"2026-02-08 11:42:16","26","24sea0521","2026-02-08 11:42:16","1904","24sea0522"
"2026-02-08 11:42:19","26","24sea0521","2026-02-08 11:42:20","1904","24sea0522"
"2026-02-08 11:42:23","26","24sea0521","2026-02-08 11:42:23","1907","24sea0522"
"2026-02-08 11:42:26","26","24sea0521","2026-02-08 11:42:26","1898","24sea0522"
"2026-02-08 11:42:30","26","24sea0521","2026-02-08 11:42:30","1911","24sea0522"
"2026-02-08 11:42:33","25.94","24sea0521","2026-02-08 11:42:33","1899","24sea0522"
"2026-02-08 11:42:40","25.75","24sea0521","2026-02-08 11:42:40","1921","24sea0522"
"2026-02-08 11:42:43","25.62","24sea0521","2026-02-08 11:42:44","1899","24sea0522"
"2026-02-08 11:42:47","25.37","24sea0521","2026-02-08 11:42:48","1903","24sea0522"
"2026-02-08 11:42:58","24.69","24sea0521","2026-02-08 11:42:58","1871","24sea0522"
"2026-02-08 11:43:16","23.81","24sea0521","2026-02-08 11:43:17","1808","24sea0522"
"2026-02-08 11:43:20","23.5","24sea0521","2026-02-08 11:43:20","1776","24sea0522"
"2026-02-08 11:43:35","22.94","24sea0521","2026-02-08 11:43:36","1777","24sea0522"
"2026-02-08 11:44:03","22","24sea0521","2026-02-08 11:44:04","1721","24sea0522"
"2026-02-08 11:44:07","21.75","24sea0521","2026-02-08 11:44:08","1720","24sea0522"
"2026-02-08 11:44:10","21.69","24sea0521","2026-02-08 11:44:11","1718","24sea0522"
"2026-02-08 11:44:14","21.62","24sea0521","2026-02-08 11:44:15","1717","24sea0522"
"2026-02-08 11:44:17","21.62","24sea0521","2026-02-08 11:44:18","1731","24sea0522"
"2026-02-08 11:44:20","21.37","24sea0521","2026-02-08 11:44:21","1713","24sea0522"
"2026-02-08 11:44:24","21.31","24sea0521","2026-02-08 11:44:25","1695","24sea0522"
"2026-02-08 11:44:27","21.25","24sea0521","2026-02-08 11:44:28","1695","24sea0522"
"2026-02-08 11:44:30","21.06","24sea0521","2026-02-08 11:44:31","1635","24sea0522"
"2026-02-08 11:44:34","20.94","24sea0521","2026-02-08 11:44:35","1674","24sea0522"
"2026-02-08 11:44:37","20.69","24sea0521","2026-02-08 11:44:38","1712","24sea0522"
"2026-02-08 11:44:49","20.31","24sea0521","2026-02-08 11:44:50","1637","24sea0522"
"2026-02-08 11:45:11","19.69","24sea0521","2026-02-08 11:45:11","1622","24sea0522"
"2026-02-08 11:45:28","19.44","24sea0521","2026-02-08 11:45:29","1607","24sea0522"
"2026-02-08 11:45:32","19.37","24sea0521","2026-02-08 11:45:33","1616","24sea0522"
"2026-02-08 11:45:35","19.25","24sea0521","2026-02-08 11:45:36","1612","24sea0522"
"2026-02-08 11:45:44","19.19","24sea0521","2026-02-08 11:45:44","1595","24sea0522"
"2026-02-08 11:45:47","19.12","24sea0521","2026-02-08 11:45:47","1599","24sea0522"
"2026-02-08 11:45:50","19.06","24sea0521","2026-02-08 11:45:51","1594","24sea0522"
"2026-02-08 11:45:54","19.06","24sea0521","2026-02-08 11:45:54","1591","24sea0522"
"2026-02-08 11:45:57","19","24sea0521","2026-02-08 11:45:57","1591","24sea0522"
"2026-02-08 11:46:00","19","24sea0521","2026-02-08 11:46:00","1603","24sea0522"
"2026-02-08 11:46:04","18.94","24sea0521","2026-02-08 11:46:04","1584","24sea0522"
"2026-02-08 11:46:08","18.87","24sea0521","2026-02-08 11:46:08","1587","24sea0522"
"2026-02-08 11:46:15","18.87","24sea0521","2026-02-08 11:46:15","1583","24sea0522"
"2026-02-08 11:46:20","18.81","24sea0521","2026-02-08 11:46:21","1586","24sea0522"
"2026-02-08 11:46:24","18.69","24sea0521","2026-02-08 11:46:25","1566","24sea0522"
"2026-02-08 11:46:40","18.31","24sea0521","2026-02-08 11:46:40","1565","24sea0522"
"2026-02-08 11:47:27","17.56","24sea0521","2026-02-08 11:47:28","1527","24sea0522"
"2026-02-08 11:47:43","17.44","24sea0521","2026-02-08 11:47:43","1519","24sea0522"
"2026-02-08 11:47:47","17.44","24sea0521","2026-02-08 11:47:47","1522","24sea0522"
"2026-02-08 11:47:50","17.44","24sea0521","2026-02-08 11:47:50","1513","24sea0522"
"2026-02-08 11:47:53","17.44","24sea0521","2026-02-08 11:47:54","1513","24sea0522"
"2026-02-08 11:47:57","17.37","24sea0521","2026-02-08 11:47:57","1523","24sea0522"
"2026-02-08 11:48:06","17.31","24sea0521","2026-02-08 11:48:07","1524","24sea0522"
"2026-02-08 11:48:24","17.19","24sea0521","2026-02-08 11:48:24","1499","24sea0522"
"2026-02-08 11:48:32","17.19","24sea0521","2026-02-08 11:48:32","1518","24sea0522"
"2026-02-08 11:48:50","17.19","24sea0521","2026-02-08 11:48:51","1509","24sea0522"
"2026-02-08 11:48:58","17.19","24sea0521","2026-02-08 11:48:59","1501","24sea0522"
"2026-02-08 11:49:02","17.19","24sea0521","2026-02-08 11:49:03","1506","24sea0522"
"2026-02-08 11:49:06","17.12","24sea0521","2026-02-08 11:49:06","1488","24sea0522"
"2026-02-08 11:49:17","17.12","24sea0521","2026-02-08 11:49:17","1491","24sea0522"
"2026-02-08 11:49:26","17.12","24sea0521","2026-02-08 11:49:27","1508","24sea0522"
"2026-02-08 11:49:44","16.81","24sea0521","2026-02-08 11:49:45","1498","24sea0522"
"2026-02-08 11:49:57","16.75","24sea0521","2026-02-08 11:49:58","1520","24sea0522"
"2026-02-08 11:50:08","16.62","24sea0521","2026-02-08 11:50:09","1482","24sea0522"
"2026-02-08 11:50:11","16.56","24sea0521","2026-02-08 11:50:12","1475","24sea0522"
"2026-02-08 11:50:16","16.5","24sea0521","2026-02-08 11:50:16","1476","24sea0522"
"2026-02-08 11:50:32","16","24sea0521","2026-02-08 11:50:32","1466","24sea0522"
"2026-02-08 11:50:36","15.81","24sea0521","2026-02-08 11:50:37","1457","24sea0522"
"2026-02-08 11:50:40","15.69","24sea0521","2026-02-08 11:50:41","1436","24sea0522"
"2026-02-08 11:50:44","15.69","24sea0521","2026-02-08 11:50:44","1441","24sea0522"
"2026-02-08 11:50:47","15.63","24sea0521","2026-02-08 11:50:48","1413","24sea0522"
"2026-02-08 11:50:51","15.63","24sea0521","2026-02-08 11:50:51","1431","24sea0522"
"2026-02-08 11:52:04","15","24sea0521","2026-02-08 11:52:04","1404","24sea0522"
"2026-02-08 11:53:09","14.63","24sea0521","2026-02-08 11:53:10","1394","24sea0522"
"2026-02-08 11:53:12","14.56","24sea0521","2026-02-08 11:53:13","1392","24sea0522"
"2026-02-08 11:53:16","14.56","24sea0521","2026-02-08 11:53:16","1374","24sea0522"
"2026-02-08 11:53:28","14.5","24sea0521","2026-02-08 11:53:29","1419","24sea0522"
"2026-02-08 11:53:31","14.5","24sea0521","2026-02-08 11:53:32","1381","24sea0522"
"2026-02-08 11:53:46","14.44","24sea0521","2026-02-08 11:53:47","1383","24sea0522"
"2026-02-08 11:53:56","14.44","24sea0521","2026-02-08 11:53:57","1383","24sea0522"
"2026-02-08 11:54:01","14.44","24sea0521","2026-02-08 11:54:01","1392","24sea0522"
"2026-02-08 11:54:16","14.44","24sea0521","2026-02-08 11:54:17","1380","24sea0522"
"2026-02-08 11:54:35","14.38","24sea0521","2026-02-08 11:54:35","1373","24sea0522"
"2026-02-08 11:54:42","14.44","24sea0521","2026-02-08 11:54:43","1365","24sea0522"
"2026-02-08 11:54:46","14.44","24sea0521","2026-02-08 11:54:46","1405","24sea0522"
"2026-02-08 11:54:49","14.38","24sea0521","2026-02-08 11:54:50","1388","24sea0522"
"2026-02-08 11:54:53","14.38","24sea0521","2026-02-08 11:54:53","1380","24sea0522"
"2026-02-08 11:55:05","14.38","24sea0521","2026-02-08 11:55:05","1379","24sea0522"
"2026-02-08 11:55:16","14.38","24sea0521","2026-02-08 11:55:17","1366","24sea0522"
"2026-02-08 11:55:20","14.38","24sea0521","2026-02-08 11:55:20","1377","24sea0522"
"2026-02-08 11:55:24","14.38","24sea0521","2026-02-08 11:55:24","1359","24sea0522"
"2026-02-08 11:55:34","14.44","24sea0521","2026-02-08 11:55:34","1386","24sea0522"
"2026-02-08 11:55:45","14.63","24sea0521","2026-02-08 11:55:45","1390","24sea0522"
"2026-02-08 11:55:49","14.69","24sea0521","2026-02-08 11:55:49","1391","24sea0522"
"2026-02-08 11:55:53","14.69","24sea0521","2026-02-08 11:55:54","1403","24sea0522"
"2026-02-08 11:55:57","14.69","24sea0521","2026-02-08 11:55:58","1395","24sea0522"
"2026-02-08 11:56:06","14.69","24sea0521","2026-02-08 11:56:07","1382","24sea0522"
